{
  "takesapillage:root": {
    "criteria": {
      "always": "2024-06-30 07:33:58 +0000"
    },
    "done": true
  },
  "incendium:technical/new_player": {
    "criteria": {
      "requirement": "2024-06-30 07:33:58 +0000"
    },
    "done": true
  },
  "dungeons_arise:wda_root": {
    "criteria": {
      "WDA": "2024-06-30 07:33:58 +0000"
    },
    "done": true
  },
  "repurposed_structures:root": {
    "criteria": {
      "always": "2024-06-30 07:33:58 +0000"
    },
    "done": true
  },
  "DataVersion": 3465
}